strategy,total_gain,total_taxes,total_after_tax_gain,effective_tax_rate
FIFO,95414.52999999998,58294.155,37120.375000000015,0.6109567903337155
LIFO,95414.53000000001,58205.2437,37209.286300000014,0.6100249479822412
HIFO,95414.53000000001,58207.159499999994,37207.37050000002,0.6100450266851389
