strategy,total_gain,total_taxes,total_after_tax_gain,effective_tax_rate
FIFO,1606.4659999999985,5107.901999999999,-3501.4359999999997,3.1795892350040424
LIFO,1606.465999999999,4953.669599999999,-3347.2036,3.083581974346175
HIFO,1606.465999999999,5045.780999999999,-3439.3149999999996,3.140919882524748
